job_id,backend,date,qubits,shots,dominant_state,dominant_frac,entropy_bits,top1_flip_pos,top1_flip_rate,mean_flip,max_flip,n_states
da63t6s3jnrc73ai07e0,ibm_marrakesh,2026-08-24,156,8192,000000000000000000000000000000000000000000000000000000000000000000000000000000000000000000000000000000000000000000000000000000000000000000000000000000000000,0.1719,7.408,116,0.5023,0.0853,0.5023,1746
da63jbuaa69c739lhp8g,ibm_marrakesh,2026-08-24,156,4096,000000000000000000000000000000000000000000000000000000000000000000000000000000000000000000000000000000000000000000000000000000000000000000000000000000000000,0.228,5.996,101,0.5073,0.076,0.5073,728
da632s3otlns739cijk0,ibm_marrakesh,2026-08-24,156,8192,000000000000000000000000000000000000000000000000000000000000000000000000000000000000000000000000000000000000000000000000000000000000000000000000000000000000,0.3247,4.737,141,0.4879,0.0616,0.4879,697
da61cfeaa69c739lepj0,ibm_marrakesh,2026-08-24,156,8192,000000000000000000000000000000000000000000000000000000000000000000000000000000000000000000000000000000000000000000000000110000000000000010011111111111111111,0.5292,4.194,121,0.2653,0.0164,0.2653,592
da5lidmaa69c739l0tp0,ibm_marrakesh,2026-08-23,156,8192,000000000000000000000000000000000000000000000000000000000000000000000000000000000000000000000000000000000000000000000000000000000000000000000000000000000000,0.3455,4.001,152,0.5015,0.0508,0.5015,436
da5l8mm1vhnc73fm7eng,ibm_marrakesh,2026-08-23,156,8192,000000000000000000000000000000000000000000000000000000000000000000000000000000000000000000000000000000000000000000000000000000000000000000000000000000000000,0.3258,4.422,50,0.4822,0.0488,0.4822,453
da5kvoeaa69c739l07kg,ibm_marrakesh,2026-08-23,156,8192,000000000000000000000000000000000000000000000000000000000000000000000000000000000000000000000000000000000000000000000000000000000000000000000000000000000000,0.3011,4.588,64,0.4872,0.0492,0.4872,512
da5kofbotlns739c1rh0,ibm_marrakesh,2026-08-23,156,8192,000000000000000000000000000000000000000000000000000000000000000000000000000000000000000000000000000000000000000000000000000000000000000000000000000000000000,0.344,4.048,142,0.4934,0.0497,0.4934,454
da5kb9jotlns739c1d10,ibm_marrakesh,2026-08-23,156,8192,000000000000000000000000000000000000000000000000000000000000000000000000000000000000000000000000000000000000000000000000000000000000000000000000000000000000,0.2244,5.848,20,0.5021,0.0494,0.5021,831
da5jgt61vhnc73fm5j80,ibm_marrakesh,2026-08-23,156,8192,000000000000000000000000000000000000000000000000000000000000000000000000000000000000000000000000000000000000000000000000000000000000000000000000000000000000,0.3582,3.861,20,0.4861,0.0488,0.4861,381
da5j8i43jnrc73ahc6r0,ibm_marrakesh,2026-08-23,156,4096,000000000000000000000000000000000000000000000000000000000000000000000000000000000000000000000000000000000000000000000000000000000000000000000000000000000000,0.3953,2.992,2,0.4988,0.0377,0.4988,153
da5j7161vhnc73fm57j0,ibm_marrakesh,2026-08-23,156,8192,000000000000000000000000000000000000000000000000000000000000000000000000000000000000000000000000000000000000000000000000000000000000000000000000000000000000,0.3578,3.791,20,0.4966,0.0496,0.4966,382
da5i0vuaa69c739kt49g,ibm_marrakesh,2026-08-23,156,4096,110000111000000000101001000000000000000000000000000000000000000000000000000000000000000000000000000000000000000000000000000000000000000000000000000000000000,0.0007,11.934,18,0.5132,0.0511,0.5132,3962
da5hs8uaa69c739ksvu0,ibm_marrakesh,2026-08-23,156,4096,001000001000000010000001101110000000000000001010000000000110000001010000000000000000000000000000000000000000000000000000000000000000000000000000000000000000,0.0002,12.0,28,0.5203,0.1026,0.5203,4096
da5hqeuaa69c739ksu50,ibm_marrakesh,2026-08-23,156,8192,000000000000000000000000000000000000000000000000000000000000000000000000000000000000000000000000000000000000000000000000000011111111100001111111111111111111,0.0007,12.939,127,0.5134,0.1033,0.5134,7970
da5hqec3jnrc73ahamn0,ibm_marrakesh,2026-08-23,156,8192,000000000000000000000000000000000000000000000000000000000000000000000000000000000000000000000000000000000000000000000000000000000000000000000000000000000000,0.1329,8.555,68,0.4984,0.1008,0.4984,2662
da5hqe61vhnc73fm3q00,ibm_marrakesh,2026-08-23,156,8192,000000000000000000000000000000000000000000000000000000000000000000000000000000000000000000000000000000000000000000000000000000000000000000000000000000000000,0.3218,6.179,20,0.4751,0.0937,0.4751,1408
da5hkueaa69c739ksol0,ibm_marrakesh,2026-08-23,156,8192,000000000000000000000000000000000000000000000000000000000000000000000000000000000000000000000000000000000000000000000000000000000000000000000000000000000000,0.3196,6.157,20,0.4818,0.0952,0.4818,1420
da5gtok3jnrc73ah9m30,ibm_marrakesh,2026-08-23,156,8192,000000000000000000000000000000000000000000000000000000000000000000000000000000000000000000000000000000000000000000000000000000000000000000000000000000000000,0.2622,7.244,83,0.4993,0.0959,0.4993,1938
da5gtck3jnrc73ah9lkg,ibm_marrakesh,2026-08-23,156,8192,000000000000000000000000000000000000000000000000000000000000000000000000000000000000000000000000000000000000000000000000000000000000000000000000000000000000,0.2678,6.824,20,0.4982,0.0972,0.4982,1686
da5gt0jotlns739btnhg,ibm_marrakesh,2026-08-23,156,8192,000000000000000000000000000000000000000000000000000000000000000000000000000000000000000000000000000000000000000000000000000000000000000000000000000000000000,0.2834,6.658,20,0.4924,0.0968,0.4924,1643
da5grh6aa69c739krr50,ibm_marrakesh,2026-08-23,156,8192,000000000000000000000000000000000000000000000000000000000000000000000000000000000000000000000000000000000000000000000000000000000000000000000000000000000000,0.2621,7.167,83,0.5131,0.0988,0.5131,1862
da5goijotlns739btivg,ibm_marrakesh,2026-08-23,156,8192,000000000000000000000000000000000000000000000000000000000000000000000000000000000000000000000000000000000000000000000000000000000000000000000000000000000000,0.212,8.666,141,0.4813,0.0947,0.4813,3002
da5go6maa69c739krnr0,ibm_marrakesh,2026-08-23,156,8192,000000000000000000000000000000000000000000000000000000000000000000000000000000000000000000000000000000000000000000000000000000000000000000000000000000000000,0.2142,8.589,100,0.4812,0.0943,0.4812,2970
da5gnqmaa69c739krncg,ibm_marrakesh,2026-08-23,156,8192,000000000000000000000000000000000000000000000000000000000000000000000000000000000000000000000000000000000000000000000000000000000000000000000000000000000000,0.2357,8.439,120,0.4834,0.0947,0.4834,2913
da5gneu1vhnc73fm2ih0,ibm_marrakesh,2026-08-23,156,8192,000000000000000000000000000000000000000000000000000000000000000000000000000000000000000000000000000000000000000000000000000000000000000000000000000000000000,0.1777,7.971,83,0.6349,0.0986,0.6349,2211
da5gm46aa69c739krlm0,ibm_marrakesh,2026-08-23,156,8192,000000000000000000000000000000000000000000000000000000000000000000000000000000000000000000000000000000000000000000000000000000000000000000000000000000000000,0.222,8.124,88,0.51,0.0966,0.51,2313
da5gllm1vhnc73fm2gmg,ibm_marrakesh,2026-08-23,156,8192,000000000000000000000000000000000000000000000000000000000000000000000000000000000000000000000000000000000000000000000000000000000000000000000000000000000000,0.0708,10.006,76,0.5635,0.0863,0.5635,3596
da5gl5k3jnrc73ah9ci0,ibm_marrakesh,2026-08-23,156,8192,000000000000000000000000000000000000000000000000000000000000000000000000000000000000000000000000000000000000000000000000000000000000000000000000000000000000,0.167,8.767,109,0.5259,0.0949,0.5259,2762
da5gkl3otlns739btelg,ibm_marrakesh,2026-08-23,156,8192,000000000000000000000000000000000000000000000000000000000000000000000000000000000000000000000000000000000000000000000000000000000000000000000000000000000000,0.1991,7.696,81,0.5239,0.1007,0.5239,2053
da5gfas3jnrc73ah9620,ibm_marrakesh,2026-08-23,156,8192,000000000000000000000000000000000000000000000000000000000000000000000000000000000000000000000000000000000000000000000000000000000000000000000000000000000000,0.0287,11.978,80,0.535,0.2,0.535,6271
da5g9imaa69c739kr8b0,ibm_marrakesh,2026-08-23,156,8192,000000000000000000000000000000000000000000000000000000000000000000000000000000000000000000000000000000000000000000000000000000000000000000000000000000000000,0.2828,7.002,80,0.5016,0.0976,0.5016,1812
da5g34jotlns739bst90,ibm_marrakesh,2026-08-23,156,8192,000000000000000000000000010000000000000000000000000000000000010000000000010000000000000000000000000000000000000000000000000000000000000000000000000000000000,0.0033,12.703,61,0.4956,0.0346,0.4956,7401
d9gt4rogk0ls73f25gog,ibm_marrakesh,2026-07-23,64,4096,0000000000000000000000000000000000000000000000000000000000000000,0.1631,9.342,42,0.5088,0.4689,0.5088,2276
d9gsmv50k0jc738hasug,ibm_marrakesh,2026-07-23,64,4096,1000110000111110001001011101101100111001110001101101110010011011,0.0566,10.645,4,0.5764,0.3629,0.5764,2847
d9gskrt0k0jc738haot0,ibm_marrakesh,2026-07-23,64,2048,0000000000000000000000000000000000000000000000000000000000000000,0.0933,9.596,37,0.5498,0.4733,0.5498,1434
d9gsk7khonhs73ac69tg,ibm_marrakesh,2026-07-23,64,4096,0000000000000000000000000000000000000000000000000000000000000000,0.1169,9.878,35,0.4829,0.3446,0.4829,2525
d9gseikhonhs73ac61rg,ibm_fez,2026-07-23,156,4096,101010101010101010101010101010101010101010101010101010101010101010101010101010101010101010101010101010101010101010101010101010101010101010101010101010101010,0.0396,10.939,83,0.3857,0.0194,0.3857,3068
d9gsd7shonhs73ac5vsg,ibm_marrakesh,2026-07-23,156,4096,101010101010101010101010101010101010101010001010101010101010101010101010101010101010101010101010101010101010101010101010101010101010101010101010101010101010,0.0095,11.744,42,0.3875,0.0284,0.3875,3765
d9gsccjsbqfc73ep69e0,ibm_marrakesh,2026-07-23,86,4096,10101010101010101010101010101010101010101010101010101010101010101010101010101010101001,0.0664,9.919,85,0.2766,0.029,0.2766,2296
d9gsac0gk0ls73f23tj0,ibm_marrakesh,2026-07-23,83,4096,01010101010101010101010101010101010101010101010101010101010101010101010101010101001,0.1174,9.286,59,0.176,0.0249,0.176,1995
d9gs8a4honhs73ac5ov0,ibm_marrakesh,2026-07-23,64,4096,1010101010101010101010101010101010101010101010101010101010101001,0.2439,7.237,2,0.1477,0.0215,0.1477,1147
d9gs7jt0k0jc738ha6fg,ibm_marrakesh,2026-07-23,32,4096,10101010101010101010101010101001,0.5132,3.944,25,0.106,0.021,0.106,317
d9gs6ct0k0jc738ha510,ibm_marrakesh,2026-07-23,32,4096,10101010101010101010101010101001,0.3552,4.828,21,0.2466,0.0309,0.2466,396
d9gs57rsbqfc73ep5vh0,ibm_marrakesh,2026-07-23,19,4096,0101010101010101001,0.8499,1.256,18,0.0315,0.009,0.0315,60
d9gs554honhs73ac5kt0,ibm_marrakesh,2026-07-23,17,4096,01010101010101001,0.78,1.75,6,0.053,0.0158,0.053,85
d9gs3jrsbqfc73ep5t2g,ibm_marrakesh,2026-07-23,16,4096,1010101010101001,0.7998,1.574,13,0.0398,0.015,0.0398,64
d9gs3gshonhs73ac5ikg,ibm_marrakesh,2026-07-23,16,4096,1010101010101001,0.8052,1.547,4,0.0327,0.0141,0.0327,65
d9gs1oshonhs73ac5flg,ibm_marrakesh,2026-07-23,13,4096,1111111111110,0.488,3.619,10,0.1472,0.055,0.1472,163
d9grv4ogk0ls73f23dk0,ibm_marrakesh,2026-07-23,13,4096,1111111111110,0.5869,2.885,10,0.1155,0.0394,0.1155,104
d9grtuchonhs73ac59rg,ibm_marrakesh,2026-07-23,32,4096,00000000000000000000000000000000,0.1841,7.631,3,0.2554,0.059,0.2554,1241
d9grtr50k0jc738h9od0,ibm_marrakesh,2026-07-23,32,4096,00000000000000000000000000000000,0.1772,7.901,3,0.2651,0.0626,0.2651,1378
d9grto50k0jc738h9oa0,ibm_marrakesh,2026-07-23,32,4096,00000000000000000000000000000000,0.1843,7.612,29,0.2554,0.0589,0.2554,1229
d9grtl0gk0ls73f23bfg,ibm_marrakesh,2026-07-23,32,4096,00000000000000000000000000000000,0.1958,7.508,3,0.2407,0.0567,0.2407,1199
d9grtekhonhs73ac597g,ibm_marrakesh,2026-07-23,32,4096,00000000000000000000000000000000,0.1685,7.759,29,0.2988,0.0617,0.2988,1270
d9grtbjsbqfc73ep5k1g,ibm_marrakesh,2026-07-23,32,4096,00000000000000000000000000000000,0.1233,8.098,29,0.3896,0.068,0.3896,1386
d9grs13sbqfc73ep5ih0,ibm_marrakesh,2026-07-23,32,4096,00000000000000000000000000000000,0.1406,8.061,29,0.4126,0.0681,0.4126,1401
d9grrrshonhs73ac57ig,ibm_marrakesh,2026-07-23,32,4096,00000000000000000000000000000000,0.1218,8.316,3,0.2786,0.068,0.2786,1440
d9grpkl0k0jc738h9jj0,ibm_marrakesh,2026-07-23,32,4096,00000000000000000000000000000000,0.1394,8.126,29,0.3215,0.0672,0.3215,1381
d9grpdrsbqfc73ep5fp0,ibm_marrakesh,2026-07-23,32,4096,00000000000000000000000000000100,0.1267,8.253,29,0.3679,0.0694,0.3679,1426
d9grp7t0k0jc738h9j00,ibm_marrakesh,2026-07-23,32,4096,00000000000000000000000000000100,0.0981,8.371,29,0.5068,0.0749,0.5068,1498
d9grp5ogk0ls73f23660,ibm_marrakesh,2026-07-23,32,4096,00000000000000000000000000000000,0.0769,8.942,29,0.4646,0.0837,0.4646,1746
d9grjrl0k0jc738h9a90,ibm_marrakesh,2026-07-23,32,4096,00000000000000000000000000000000,0.1758,7.013,3,0.5732,0.4958,0.5732,992
d9gri2l0k0jc738h978g,ibm_marrakesh,2026-07-23,32,4096,10000000000000000001010000010000,0.1294,5.439,0,0.5098,0.0974,0.5098,418
d9grhbggk0ls73f22pig,ibm_marrakesh,2026-07-23,32,4096,00000000000000000000000000000000,0.1428,5.629,19,0.4856,0.0942,0.4856,430
d9grfdogk0ls73f22lu0,ibm_marrakesh,2026-07-23,2,8192,00,0.9874,0.106,1,0.0109,0.0063,0.0109,4
d9gregbsbqfc73ep4tlg,ibm_marrakesh,2026-07-23,2,8192,00,0.9829,0.13,1,0.0165,0.0086,0.0165,4
d9grbjogk0ls73f22fe0,ibm_marrakesh,2026-07-23,2,4096,01,0.4956,1.074,1,0.4995,0.2543,0.4995,4
d9grbgt0k0jc738h8seg,ibm_marrakesh,2026-07-23,2,4096,00,0.9724,0.219,1,0.02,0.0156,0.02,4
d9grb6chonhs73ac4cpg,ibm_marrakesh,2026-07-23,2,4096,00,0.4956,1.086,1,0.4993,0.255,0.4993,4
d9grb2l0k0jc738h8rrg,ibm_marrakesh,2026-07-23,2,4096,00,0.9722,0.22,1,0.0183,0.0153,0.0183,4
d9gr86ggk0ls73f22a2g,ibm_marrakesh,2026-07-23,2,8192,00,0.5027,1.13,0,0.4883,0.4883,0.4883,4
d9gr51khonhs73ac42mg,ibm_marrakesh,2026-07-23,156,2048,111111111111111111111111111111111111111111011111111111111111111111111111111111111111111111111111111111111111111111111111111111111111111111111111111111111111,0.0029,10.968,42,0.3887,0.0369,0.3887,2023
d9gqsld0k0jc738h8230,ibm_marrakesh,2026-07-23,156,4096,000000000000000000000000000000000000000000000000000000000000000000000000010000000001000000000000000000000000000000000000000000000100000000000000000000000000,0.0093,11.54,92,0.4834,0.0291,0.4834,3525
d9gqidd0k0jc738h7iog,ibm_marrakesh,2026-07-23,156,8192,000000000000000000000000000000000000000000000000000000000000000000000000010000000010000000000000000000000001000000000000000000000000000000000000000000000000,0.0009,12.994,83,0.6869,0.436,0.6869,8174
d8rd2e201fac73d46epg,ibm_marrakesh,2026-06-20,32,8192,00000000000000000000000000000000,0.2501,3.804,15,0.474,0.0354,0.474,274
d8rd0puab0ds73drhkng,ibm_marrakesh,2026-06-20,32,8192,00000000000000000000000000000000,0.6799,2.229,2,0.1606,0.0116,0.1606,159
d8rcqcmgbcrc73f4dgv0,ibm_marrakesh,2026-06-20,32,8192,00000000000001000000000000000000,0.1304,5.555,16,0.4838,0.0521,0.4838,583
d8rcehmkodhs73848p40,ibm_marrakesh,2026-06-20,32,8192,00000000000000000000000000000000,0.215,3.78,15,0.4889,0.0379,0.4889,281
d8rcc66kodhs73848mc0,ibm_marrakesh,2026-06-20,32,8192,00000000000000011000000000000000,0.2166,3.455,16,0.5009,0.0369,0.5009,223
d8rak1mab0ds73dreuo0,ibm_marrakesh,2026-06-20,32,8192,00000000000000010000000000000000,0.1288,5.04,15,0.5046,0.0518,0.5046,415
d8raevukodhs73846h20,ibm_marrakesh,2026-06-20,32,8192,00000000000000011000000000000000,0.6764,1.657,20,0.2513,0.0109,0.2513,94
d8radlmgbcrc73f4asm0,ibm_marrakesh,2026-06-20,33,8192,000000000000000000000000000000000,0.8607,1.263,4,0.0197,0.0046,0.0197,105
d8rabmeab0ds73drehgg,ibm_marrakesh,2026-06-20,32,8192,00000000000000000000000000000000,0.6493,2.276,17,0.2362,0.0159,0.2362,159
d8raam201fac73d43830,ibm_marrakesh,2026-06-20,32,8192,00000000000000000000000000000000,0.6328,2.39,5,0.1636,0.0137,0.1636,173
d8ra95i01fac73d43630,ibm_marrakesh,2026-06-20,32,8192,00000000000000000000000000000000,0.8721,1.168,12,0.0172,0.0043,0.0172,97
d8r9ouekodhs73845no0,ibm_marrakesh,2026-06-20,32,8192,00010110101110100001011000011100,0.0001,13.0,0,0.5167,0.4683,0.5167,8192
d8r9jl6ab0ds73drdnig,ibm_marrakesh,2026-06-20,32,8192,00000000000000000000000000000000,0.8745,1.134,14,0.0156,0.0042,0.0156,82
d8levlrqv2lc7386ddqg,ibm_marrakesh,2026-06-11,32,8192,00000000000000000000000000000000,0.528,4.111,16,0.1741,0.0253,0.1741,551
d8let4bnn5bs738s131g,ibm_marrakesh,2026-06-11,32,8192,00000000000000000000000000000000,0.642,3.078,16,0.1187,0.0178,0.1187,362
d8ldqtrqv2lc7386c1m0,ibm_marrakesh,2026-06-11,32,8192,00000000000000000000000000000000,0.5454,3.918,16,0.1218,0.0233,0.1218,523
d8ld81r2d42s73cb96fg,ibm_marrakesh,2026-06-11,32,8192,00000000000000000000000000000000,0.5913,2.582,29,0.1833,0.0156,0.1833,180
d8ld5l832u0s73f9qnfg,ibm_marrakesh,2026-06-11,19,8192,0000000000000000000,0.5717,3.206,11,0.2106,0.0364,0.2106,236
d8lcsab2d42s73cb8mg0,ibm_marrakesh,2026-06-11,32,8192,00000000000000000000000000000000,0.7406,1.771,29,0.1573,0.0092,0.1573,126
d8lcq3032u0s73f9q880,ibm_marrakesh,2026-06-11,32,8192,00000000000000000000000000000000,0.731,1.816,29,0.1638,0.0095,0.1638,129
d8lcnfr2d42s73cb8gs0,ibm_marrakesh,2026-06-11,16,8192,0000000000000000,0.9424,0.538,4,0.012,0.0037,0.012,32
d8lcher2d42s73cb88og,ibm_marrakesh,2026-06-11,16,8192,0000000000000000,0.8055,1.024,7,0.1609,0.0126,0.1609,38
d8lcgornn5bs738rttv0,ibm_marrakesh,2026-06-11,16,8192,0000000000000000,0.8165,1.02,7,0.1451,0.012,0.1451,35
d8lccqrqv2lc7386a7kg,ibm_marrakesh,2026-06-11,16,8192,0000000000000000,0.8723,0.933,4,0.0696,0.0086,0.0696,49
d88o43is46sc73f9nbl0,ibm_marrakesh,2026-05-23,6,512,001101,0.1387,4.326,2,0.4883,0.3503,0.4883,43
d88nt6as46sc73f9n2qg,ibm_marrakesh,2026-05-23,8,8192,01010010,0.0138,7.768,3,0.5037,0.4956,0.5037,256
d88nt4h789is7392dce0,ibm_marrakesh,2026-05-23,8,512,00000000,0.0195,7.432,1,0.4961,0.4695,0.4961,209
d88nt30p0eas73dnmqrg,ibm_marrakesh,2026-05-23,8,512,00001001,0.0156,7.418,4,0.5195,0.4817,0.5195,205
d88nt1as46sc73f9n2jg,ibm_marrakesh,2026-05-23,8,512,01000010,0.0273,7.226,1,0.4883,0.4482,0.4883,191
d88nsvqs46sc73f9n2i0,ibm_marrakesh,2026-05-23,8,512,10000000,0.0176,7.387,0,0.5312,0.4683,0.5312,211
d88nsuh789is7392dc7g,ibm_marrakesh,2026-05-23,8,512,01010010,0.0215,7.265,6,0.5195,0.4607,0.5195,191
d88nssqs46sc73f9n2eg,ibm_marrakesh,2026-05-23,8,512,00011110,0.0195,7.327,4,0.5371,0.4949,0.5371,198
d88nsrdg7okc73enpjug,ibm_marrakesh,2026-05-23,8,512,00011110,0.0215,7.434,5,0.5566,0.4854,0.5566,207
d88nspop0eas73dnmqh0,ibm_marrakesh,2026-05-23,8,512,11110110,0.0176,7.364,1,0.5566,0.5115,0.5566,198
d88nsnlg7okc73enpjqg,ibm_marrakesh,2026-05-23,6,8192,010000,0.0469,5.744,1,0.5162,0.4948,0.5162,64
d88nslp789is7392dbu0,ibm_marrakesh,2026-05-23,6,512,111100,0.0566,5.672,3,0.5254,0.4902,0.5254,64
d88nskh789is7392dbsg,ibm_marrakesh,2026-05-23,6,512,101100,0.041,5.695,3,0.5469,0.4889,0.5469,62
d88nsj5g7okc73enpjm0,ibm_marrakesh,2026-05-23,6,512,111010,0.043,5.685,2,0.5195,0.4863,0.5195,61
d88nsh9789is7392dbm0,ibm_marrakesh,2026-05-23,6,512,100001,0.0469,5.61,0,0.5117,0.4935,0.5117,63
d88nsfop0eas73dnmq5g,ibm_marrakesh,2026-05-23,6,512,111100,0.0508,5.638,2,0.5391,0.4915,0.5391,63
d88nsedg7okc73enpjfg,ibm_marrakesh,2026-05-23,6,512,010000,0.041,5.704,1,0.5352,0.4876,0.5352,63
d88nscqs46sc73f9n1qg,ibm_marrakesh,2026-05-23,6,512,010000,0.0547,5.596,0,0.4824,0.4727,0.4824,64
d88nsb9789is7392dbfg,ibm_marrakesh,2026-05-23,6,512,010000,0.0449,5.724,1,0.5215,0.4756,0.5215,63
d88npkqs46sc73f9mt00,ibm_marrakesh,2026-05-23,6,8192,011111,0.0403,5.731,1,0.5314,0.514,0.5314,64
d88npj9789is7392d72g,ibm_marrakesh,2026-05-23,6,512,110000,0.0566,5.708,0,0.4941,0.4749,0.4941,64
d88nphtg7okc73enpemg,ibm_marrakesh,2026-05-23,6,512,011111,0.0605,5.604,2,0.5312,0.4987,0.5312,64
d88npg8p0eas73dnml60,ibm_marrakesh,2026-05-23,6,512,110000,0.0547,5.65,0,0.5645,0.4795,0.5645,64
d88npeh789is7392d6r0,ibm_marrakesh,2026-05-23,6,512,110000,0.0527,5.727,0,0.5039,0.4743,0.5039,64
d88npcgp0eas73dnmkvg,ibm_marrakesh,2026-05-23,6,512,110000,0.0391,5.683,1,0.5195,0.4922,0.5195,64
d88npb2s46sc73f9msjg,ibm_marrakesh,2026-05-23,6,512,011110,0.0547,5.726,3,0.5059,0.4997,0.5059,64
d88np9gp0eas73dnmkq0,ibm_marrakesh,2026-05-23,6,512,011110,0.0469,5.715,2,0.5488,0.5033,0.5488,64
d88np81789is7392d6j0,ibm_marrakesh,2026-05-23,6,512,000001,0.043,5.727,1,0.5254,0.4821,0.5254,63
d88np6gp0eas73dnmklg,ibm_marrakesh,2026-05-23,6,512,100111,0.0469,5.672,5,0.5625,0.5068,0.5625,64
d88np49789is7392d6c0,ibm_marrakesh,2026-05-23,6,512,000100,0.0508,5.694,3,0.5137,0.4824,0.5137,64
d88nn6op0eas73dnmhpg,ibm_marrakesh,2026-05-23,6,8192,000001,0.0209,5.99,5,0.5143,0.4944,0.5143,64
d88nn58p0eas73dnmhng,ibm_marrakesh,2026-05-23,6,512,111011,0.0332,5.911,1,0.5273,0.4893,0.5273,64
d88nn3qs46sc73f9mpeg,ibm_marrakesh,2026-05-23,6,512,011111,0.0273,5.93,4,0.5332,0.4971,0.5332,64
d88nn02s46sc73f9mp90,ibm_marrakesh,2026-05-23,6,512,000001,0.0293,5.906,3,0.5039,0.4818,0.5039,64
d88nmugp0eas73dnmhg0,ibm_marrakesh,2026-05-23,6,512,000001,0.0273,5.926,4,0.5117,0.4938,0.5117,64
d88nmr9789is7392d2t0,ibm_marrakesh,2026-05-23,6,512,010011,0.0312,5.917,1,0.541,0.5003,0.541,64
d88nmq0p0eas73dnmh70,ibm_marrakesh,2026-05-23,6,512,000100,0.0332,5.91,1,0.5234,0.4756,0.5234,64
d88nmogp0eas73dnmh4g,ibm_marrakesh,2026-05-23,6,512,000110,0.0312,5.915,1,0.5137,0.4837,0.5137,64
d88nmn5g7okc73enpan0,ibm_marrakesh,2026-05-23,6,512,011100,0.0312,5.93,1,0.5254,0.4977,0.5254,64
d88nlagp0eas73dnmemg,ibm_marrakesh,2026-05-23,12,8192,111111111111,0.0259,9.962,4,0.4363,0.3815,0.4363,2065
d88nl8h789is7392d06g,ibm_marrakesh,2026-05-23,12,512,000000000000,0.0254,8.377,10,0.3535,0.3169,0.3535,386
d88nl6tg7okc73enp82g,ibm_marrakesh,2026-05-23,12,512,000011110000,0.0234,8.169,5,0.584,0.4736,0.584,355
d88nl59789is7392d030,ibm_marrakesh,2026-05-23,12,512,101110111111,0.0078,8.56,1,0.668,0.3706,0.668,410
d88nl3is46sc73f9mmcg,ibm_marrakesh,2026-05-23,12,512,011111011101,0.0078,8.749,1,0.5645,0.4668,0.5645,450
d88nl21789is7392cvv0,ibm_marrakesh,2026-05-23,12,512,111111111111,0.0508,8.128,8,0.4082,0.3698,0.4082,357
d88nj7p789is7392cto0,ibm_marrakesh,2026-05-23,8,8192,11111111,0.0162,7.709,6,0.5122,0.4887,0.5122,256
d88ni59789is7392cscg,ibm_marrakesh,2026-05-23,8,8192,10101010,0.0062,7.967,2,0.5137,0.491,0.5137,256
d88ngo0p0eas73dnm9g0,ibm_marrakesh,2026-05-23,8,8192,10000000,0.0674,4.433,4,0.5039,0.4912,0.5039,112
d88neq0p0eas73dnm7g0,ibm_marrakesh,2026-05-23,12,8192,000010001000,0.0988,4.712,4,0.5002,0.1508,0.5002,262
d88ncgdg7okc73enotvg,ibm_marrakesh,2026-05-23,12,8192,000000000000,0.0924,4.943,4,0.49,0.1511,0.49,260
d88n9lgp0eas73dnm190,ibm_marrakesh,2026-05-23,12,8192,000000000000,0.0868,5.154,4,0.4846,0.1587,0.4846,253
d881mv8p0eas73dmqo30,ibm_marrakesh,2026-05-22,6,32768,000000,0.469,1.76,3,0.4888,0.4861,0.4888,58
d881mrgp0eas73dmqnu0,ibm_marrakesh,2026-05-22,6,32768,000000,0.4689,1.725,3,0.4921,0.4895,0.4921,56
d881mnqs46sc73f8r95g,ibm_marrakesh,2026-05-22,6,32768,000000,0.4765,1.694,0,0.4885,0.4856,0.4885,55
d881mjp789is7391hqog,ibm_marrakesh,2026-05-22,6,32768,000000,0.4732,1.711,0,0.4886,0.4865,0.4886,54
d881mg2s46sc73f8r8qg,ibm_marrakesh,2026-05-22,6,32768,000000,0.4735,1.703,0,0.4895,0.4871,0.4895,55
d881j7is46sc73f8r4vg,ibm_fez,2026-05-22,6,32768,000000,0.4066,2.532,4,0.4927,0.4863,0.4927,63
d881gcqs46sc73f8r16g,ibm_marrakesh,2026-05-22,6,32768,000000,0.4667,1.782,3,0.492,0.4862,0.492,58
d87un1as46sc73f8nmcg,ibm_marrakesh,2026-05-22,6,32768,000000,0.4742,1.391,4,0.505,0.2497,0.505,19
d87ukmdg7okc73emr220,ibm_marrakesh,2026-05-22,6,32768,000000,0.4702,1.768,2,0.4928,0.4891,0.4928,60
d87ujsop0eas73dmmvs0,ibm_marrakesh,2026-05-22,8,32768,00000000,0.4114,2.792,6,0.4897,0.4777,0.4897,164
d87ujd2s46sc73f8ni2g,ibm_marrakesh,2026-05-22,8,32768,00000000,0.4284,2.339,6,0.4927,0.4882,0.4927,150
d87ug2p789is7391dvhg,ibm_marrakesh,2026-05-22,10,32768,0000000000,0.4068,2.872,8,0.4897,0.4834,0.4897,279
d87ufugp0eas73dmmqog,ibm_marrakesh,2026-05-22,10,32768,0000000000,0.4048,2.921,6,0.4972,0.4862,0.4972,300
d87ufptg7okc73emqrug,ibm_marrakesh,2026-05-22,10,32768,0000000000,0.4095,2.858,6,0.4922,0.4833,0.4922,304
d87ufkop0eas73dmmqd0,ibm_marrakesh,2026-05-22,10,32768,0000000000,0.4074,3.022,4,0.4927,0.4803,0.4927,306
d87ufggp0eas73dmmq6g,ibm_marrakesh,2026-05-22,10,32768,0000000000,0.4266,2.784,4,0.4827,0.4765,0.4827,298
d87ufcas46sc73f8nd10,ibm_marrakesh,2026-05-22,10,32768,0000000000,0.4078,2.946,4,0.4889,0.4789,0.4889,294
d87uf7is46sc73f8ncp0,ibm_marrakesh,2026-05-22,10,32768,0000000000,0.3889,3.066,6,0.4917,0.4888,0.4917,347
d87uf39789is7391du8g,ibm_marrakesh,2026-05-22,10,32768,0000000000,0.3565,3.507,8,0.4917,0.4819,0.4917,338
d87uev0p0eas73dmmpbg,ibm_marrakesh,2026-05-22,10,32768,0000000000,0.398,2.937,4,0.4944,0.4867,0.4944,294
d87ueqtg7okc73emqqqg,ibm_marrakesh,2026-05-22,10,32768,0000000000,0.4104,2.876,5,0.4968,0.4868,0.4968,261
d87uegdg7okc73emqqdg,ibm_marrakesh,2026-05-22,100,8192,1111111111000100100000000000101111111111000000000011001111110010100000111111110100010100001111111111,0.0001,13.0,63,0.6025,0.4947,0.6025,8192
d87ubvgp0eas73dmmlv0,ibm_marrakesh,2026-05-22,10,32768,0000000000,0.4287,2.704,4,0.4904,0.4835,0.4904,279
d87ubqop0eas73dmmlqg,ibm_marrakesh,2026-05-22,10,32768,0000000000,0.4108,2.815,8,0.4966,0.4889,0.4966,295
d87ubm8p0eas73dmmljg,ibm_marrakesh,2026-05-22,10,32768,0000000000,0.4206,2.734,5,0.4972,0.4888,0.4972,268
d87ubhp789is7391dqgg,ibm_marrakesh,2026-05-22,10,32768,0000000000,0.3855,2.861,6,0.5118,0.4889,0.5118,281
d87ubd2s46sc73f8n8qg,ibm_marrakesh,2026-05-22,10,32768,0000000000,0.4051,2.971,8,0.4964,0.4859,0.4964,332
d87uaolg7okc73emqm50,ibm_marrakesh,2026-05-22,100,8192,1111111111000000000011111111111111111111000000000011111111111111111111000000000011111111110000000000,0.0004,12.999,17,0.6436,0.5065,0.6436,8188
d87u81as46sc73f8n4kg,ibm_marrakesh,2026-05-22,10,32768,0000000000,0.4521,2.189,8,0.4883,0.2509,0.4883,134
d87u7j9789is7391dltg,ibm_marrakesh,2026-05-22,20,32768,00000011000011110000,0.0013,11.552,2,0.523,0.4973,0.523,7326
d87u5jis46sc73f8n1bg,ibm_marrakesh,2026-05-22,15,32768,000000000000000,0.3351,4.442,13,0.4889,0.4739,0.4889,1037
d87u4plg7okc73emqesg,ibm_marrakesh,2026-05-22,12,32768,000000000000,0.3668,3.764,7,0.4888,0.4705,0.4888,554
d87u30h789is7391dg1g,ibm_marrakesh,2026-05-22,10,32768,0000000000,0.4031,2.934,8,0.4918,0.4848,0.4918,301
d87u2f0p0eas73dmmacg,ibm_fez,2026-05-22,10,65536,0000000000,0.3261,3.945,8,0.491,0.4806,0.491,541
d87tvfis46sc73f8mppg,ibm_fez,2026-05-22,10,32768,0000000000,0.3423,4.22,8,0.4863,0.4597,0.4863,538
d87tu6as46sc73f8mo8g,ibm_fez,2026-05-22,10,32768,0000000000,0.3494,3.776,8,0.4895,0.4782,0.4895,429
d87tst5g7okc73emq5r0,ibm_fez,2026-05-22,10,8192,0000000000,0.3423,3.901,6,0.4845,0.4745,0.4845,279
d87ts5op0eas73dmm2v0,ibm_fez,2026-05-22,10,8192,0000000000,0.1523,6.692,8,0.4489,0.3477,0.4489,704
d87tra8p0eas73dmm21g,ibm_fez,2026-05-22,15,8192,000000000000010,0.0092,11.19,7,0.5564,0.4012,0.5564,3954
d87tqrqs46sc73f8mki0,ibm_fez,2026-05-22,15,8192,000000000000000,0.0963,8.398,13,0.4946,0.4195,0.4946,1843
d87tonqs46sc73f8midg,ibm_fez,2026-05-22,156,8192,000001000000000000000100010010000000100111000010100000110110011111111001001101000111100010001000010000100101001100100001001100010100000000011000100000000000,0.0001,13.0,119,0.7333,0.4697,0.7333,8192
d87tnhas46sc73f8mgt0,ibm_fez,2026-05-22,156,8192,000011110000000011110000001011101111000000001111111100000000000011110100111100001111011100000111111100010001000011110000000000100100000000001101111111111111,0.0001,13.0,144,0.5647,0.4948,0.5647,8192
d87tlf9789is7391d0u0,ibm_fez,2026-05-22,10,8192,0011001100,0.0309,5.892,7,0.5062,0.4931,0.5062,241
d87tkg2s46sc73f8mdlg,ibm_fez,2026-05-22,30,8192,111111111111111111111111111111,0.0511,10.36,28,0.5582,0.5009,0.5582,3957
d87tijh789is7391ctl0,ibm_fez,2026-05-22,20,8192,11111111111111111111,0.1515,7.602,19,0.535,0.51,0.535,1806
d87tgslg7okc73emppcg,ibm_fez,2026-05-22,127,8192,0000000000000000000000000000000000000000000000000000000000000000000000000000000000000000000000000000000000000000000000000000000,0.11,9.608,124,0.4867,0.0463,0.4867,3709
d7gjjf3jne2c7392vfgg,ibm_fez,2026-04-16,127,4096,1111000010100100100000111001011100001110011011101010001100011101101101011001001110100010110110010000011000110110010101001101001,0.0002,12.0,117,0.749,0.4917,0.749,4096
d7gjai7b91ec73atir4g,ibm_fez,2026-04-16,156,4096,101000111000000110000111101000111111000010011000100101001001110011000111010110101010110011010000000100110100100010111100010100100111000000100000110000010100,0.0002,12.0,91,0.7676,0.4765,0.7676,4096
d7gj3h3jne2c7392ussg,ibm_fez,2026-04-16,156,4096,111000011011001100110011010000000000011000111001010100100100110100001000100101000001110101100100010010000000100001101000000010101110000010000011011111001010,0.0002,12.0,148,0.7271,0.4677,0.7271,4096
d7gj1ji2khts739oimm0,ibm_fez,2026-04-16,127,4096,0000000000000000000000000000000000000000000000000000000000000000000000000000000000000000000000000000000000000000000000000000000,1.0,-0.0,0,0.0,0.0,0.0,1
d7e98trklj2c73f2ghug,ibm_fez,2026-04-13,156,8192,111110101100000000111010000111100111110010001001100000100011100110011010010000111011110101101111001011011111111101000100000000100011000000111100000001000000,0.0001,13.0,149,0.8292,0.4796,0.8292,8192
d7e8tpbklj2c73f2g69g,ibm_fez,2026-04-13,156,8192,111110011000100010100011011100000000100101100010010101111000000010100000010001000100101000111000010000000100111000000010000101000000010000010001010010000010,0.0001,13.0,97,0.7726,0.4434,0.7726,8192
d7e86ab0g7hs73dsnbkg,ibm_fez,2026-04-13,26,8192,10110010011010101010011111,0.0001,13.0,16,0.6464,0.5104,0.6464,8192
d7e7kj15a5qc73dqkl20,ibm_fez,2026-04-13,26,8192,10111110010101111111110011,0.0001,13.0,11,0.5187,0.4958,0.5187,8192
d78o180eecps73d7dhb0,ibm_fez,2026-04-04,26,8192,11101000000000001000000010,0.0004,12.99,16,0.6132,0.4156,0.6132,8151
d75h4re8faus73f031ag,ibm_fez,2026-03-31,26,4096,00101000010100111111111000,0.0002,12.0,20,0.5615,0.5027,0.5615,4096
