job_id,backend,status,creation_date,shots
da63t6s3jnrc73ai07e0,ibm_marrakesh,DONE,2026-08-24 14:52:43.420043+02:00,
da63jbuaa69c739lhp8g,ibm_marrakesh,DONE,2026-08-24 14:31:43.521310+02:00,
da632s3otlns739cijk0,ibm_marrakesh,DONE,2026-08-24 13:56:32.401150+02:00,
da61cfeaa69c739lepj0,ibm_marrakesh,DONE,2026-08-24 12:00:29.554073+02:00,
da5lidmaa69c739l0tp0,ibm_marrakesh,DONE,2026-08-23 22:33:58.694211+02:00,
da5l8mm1vhnc73fm7eng,ibm_marrakesh,DONE,2026-08-23 22:13:14.663690+02:00,
da5kvoeaa69c739l07kg,ibm_marrakesh,DONE,2026-08-23 21:54:09.769887+02:00,
da5kofbotlns739c1rh0,ibm_marrakesh,DONE,2026-08-23 21:38:37.494104+02:00,
da5kb9jotlns739c1d10,ibm_marrakesh,DONE,2026-08-23 21:10:30.840597+02:00,
da5jgt61vhnc73fm5j80,ibm_marrakesh,DONE,2026-08-23 20:14:12.305515+02:00,
da5j8i43jnrc73ahc6r0,ibm_marrakesh,DONE,2026-08-23 19:56:24.121014+02:00,
da5j7161vhnc73fm57j0,ibm_marrakesh,DONE,2026-08-23 19:53:08.166331+02:00,
da5i0vuaa69c739kt49g,ibm_marrakesh,DONE,2026-08-23 18:31:59.890729+02:00,
da5hs8uaa69c739ksvu0,ibm_marrakesh,DONE,2026-08-23 18:21:55.798296+02:00,
da5hqeuaa69c739ksu50,ibm_marrakesh,DONE,2026-08-23 18:18:03.386642+02:00,
da5hqec3jnrc73ahamn0,ibm_marrakesh,DONE,2026-08-23 18:18:02.052159+02:00,
da5hqe61vhnc73fm3q00,ibm_marrakesh,DONE,2026-08-23 18:18:00.512094+02:00,
da5hkueaa69c739ksol0,ibm_marrakesh,DONE,2026-08-23 18:06:17.079142+02:00,
da5gtok3jnrc73ah9m30,ibm_marrakesh,DONE,2026-08-23 17:16:50.636761+02:00,
da5gtck3jnrc73ah9lkg,ibm_marrakesh,DONE,2026-08-23 17:16:02.650484+02:00,
da5gt0jotlns739btnhg,ibm_marrakesh,DONE,2026-08-23 17:15:14.513308+02:00,
da5grh6aa69c739krr50,ibm_marrakesh,DONE,2026-08-23 17:12:04.893279+02:00,
da5goijotlns739btivg,ibm_marrakesh,DONE,2026-08-23 17:05:46.843918+02:00,
da5go6maa69c739krnr0,ibm_marrakesh,DONE,2026-08-23 17:04:58.708716+02:00,
da5gnqmaa69c739krncg,ibm_marrakesh,DONE,2026-08-23 17:04:10.854200+02:00,
da5gneu1vhnc73fm2ih0,ibm_marrakesh,DONE,2026-08-23 17:03:23.052658+02:00,
da5gm46aa69c739krlm0,ibm_marrakesh,DONE,2026-08-23 17:00:32.657570+02:00,
da5gllm1vhnc73fm2gmg,ibm_marrakesh,DONE,2026-08-23 16:59:34.531707+02:00,
da5gl5k3jnrc73ah9ci0,ibm_marrakesh,DONE,2026-08-23 16:58:30.080794+02:00,
da5gkl3otlns739btelg,ibm_marrakesh,DONE,2026-08-23 16:57:25.049569+02:00,
da5gfas3jnrc73ah9620,ibm_marrakesh,DONE,2026-08-23 16:46:03.628872+02:00,
da5g9imaa69c739kr8b0,ibm_marrakesh,DONE,2026-08-23 16:33:46.887536+02:00,
da5g34jotlns739bst90,ibm_marrakesh,DONE,2026-08-23 16:20:02.493125+02:00,
d9gtii4honhs73ac8c9g,ibm_marrakesh,ERROR,2026-07-23 11:05:12.065583+02:00,
d9gtibshonhs73ac8c2g,ibm_marrakesh,ERROR,2026-07-23 11:04:47.460968+02:00,
d9gti6shonhs73ac8brg,ibm_marrakesh,ERROR,2026-07-23 11:04:27.073626+02:00,
d9gti23sbqfc73ep8le0,ibm_marrakesh,ERROR,2026-07-23 11:04:08.524166+02:00,
d9gti1chonhs73ac8bl0,ibm_marrakesh,ERROR,2026-07-23 11:04:05.709505+02:00,
d9gthtrsbqfc73ep8l8g,ibm_marrakesh,ERROR,2026-07-23 11:03:51.223505+02:00,
d9gthrchonhs73ac8be0,ibm_marrakesh,ERROR,2026-07-23 11:03:41.125081+02:00,
d9gthpkhonhs73ac8bb0,ibm_marrakesh,ERROR,2026-07-23 11:03:34.896105+02:00,
d9gthm3sbqfc73ep8kug,ibm_marrakesh,ERROR,2026-07-23 11:03:20.672089+02:00,
d9gthhjsbqfc73ep8kp0,ibm_marrakesh,ERROR,2026-07-23 11:03:02.113086+02:00,
d9gthd3sbqfc73ep8kig,ibm_marrakesh,ERROR,2026-07-23 11:02:44.790490+02:00,
d9gth90gk0ls73f26bb0,ibm_marrakesh,ERROR,2026-07-23 11:02:28.464515+02:00,
d9gt98jsbqfc73ep83t0,ibm_marrakesh,ERROR,2026-07-23 10:45:22.732382+02:00,
d9gt92chonhs73ac7qh0,ibm_marrakesh,ERROR,2026-07-23 10:44:57.865791+02:00,
d9gt8td0k0jc738hc7fg,ibm_marrakesh,ERROR,2026-07-23 10:44:37.194952+02:00,
d9gt8ol0k0jc738hc75g,ibm_marrakesh,ERROR,2026-07-23 10:44:18.677764+02:00,
d9gt8kd0k0jc738hc6rg,ibm_marrakesh,ERROR,2026-07-23 10:44:01.281628+02:00,
d9gt8g0gk0ls73f25p0g,ibm_marrakesh,ERROR,2026-07-23 10:43:44.964767+02:00,
d9gt4rogk0ls73f25gog,ibm_marrakesh,DONE,2026-07-23 10:35:59.952124+02:00,
d9gsmv50k0jc738hasug,ibm_marrakesh,DONE,2026-07-23 10:06:20.323619+02:00,
d9gskrt0k0jc738haot0,ibm_marrakesh,DONE,2026-07-23 10:01:51.749066+02:00,
d9gsk7khonhs73ac69tg,ibm_marrakesh,DONE,2026-07-23 10:00:30.881096+02:00,
d9gseikhonhs73ac61rg,ibm_fez,DONE,2026-07-23 09:48:26.275290+02:00,
d9gsd7shonhs73ac5vsg,ibm_marrakesh,DONE,2026-07-23 09:45:35.480373+02:00,
d9gsccjsbqfc73ep69e0,ibm_marrakesh,DONE,2026-07-23 09:43:47.015270+02:00,
d9gsac0gk0ls73f23tj0,ibm_marrakesh,DONE,2026-07-23 09:39:29.032523+02:00,
d9gs8a4honhs73ac5ov0,ibm_marrakesh,DONE,2026-07-23 09:35:04.457719+02:00,
d9gs7jt0k0jc738ha6fg,ibm_marrakesh,DONE,2026-07-23 09:33:35.303860+02:00,
d9gs6ct0k0jc738ha510,ibm_marrakesh,DONE,2026-07-23 09:30:59.534507+02:00,
d9gs57rsbqfc73ep5vh0,ibm_marrakesh,DONE,2026-07-23 09:28:31.692583+02:00,
d9gs554honhs73ac5kt0,ibm_marrakesh,DONE,2026-07-23 09:28:20.923386+02:00,
d9gs3jrsbqfc73ep5t2g,ibm_marrakesh,DONE,2026-07-23 09:25:03.688446+02:00,
d9gs3gshonhs73ac5ikg,ibm_marrakesh,DONE,2026-07-23 09:24:51.161102+02:00,
d9gs1oshonhs73ac5flg,ibm_marrakesh,DONE,2026-07-23 09:21:07.631913+02:00,
d9grv4ogk0ls73f23dk0,ibm_marrakesh,DONE,2026-07-23 09:15:31.070579+02:00,
d9grtuchonhs73ac59rg,ibm_marrakesh,DONE,2026-07-23 09:12:57.492274+02:00,
d9grtr50k0jc738h9od0,ibm_marrakesh,DONE,2026-07-23 09:12:44.832750+02:00,
d9grto50k0jc738h9oa0,ibm_marrakesh,DONE,2026-07-23 09:12:32.769930+02:00,
d9grtl0gk0ls73f23bfg,ibm_marrakesh,DONE,2026-07-23 09:12:20.747532+02:00,
d9grtekhonhs73ac597g,ibm_marrakesh,DONE,2026-07-23 09:11:55.080354+02:00,
d9grtbjsbqfc73ep5k1g,ibm_marrakesh,DONE,2026-07-23 09:11:42.509756+02:00,
d9grs13sbqfc73ep5ih0,ibm_marrakesh,DONE,2026-07-23 09:08:52.853782+02:00,
d9grrrshonhs73ac57ig,ibm_marrakesh,DONE,2026-07-23 09:08:32.182147+02:00,
d9grpkl0k0jc738h9jj0,ibm_marrakesh,DONE,2026-07-23 09:03:46.624864+02:00,
d9grpdrsbqfc73ep5fp0,ibm_marrakesh,DONE,2026-07-23 09:03:19.725604+02:00,
d9grp7t0k0jc738h9j00,ibm_marrakesh,DONE,2026-07-23 09:02:56.021354+02:00,
d9grp5ogk0ls73f23660,ibm_marrakesh,DONE,2026-07-23 09:02:47.788133+02:00,
d9grjrl0k0jc738h9a90,ibm_marrakesh,DONE,2026-07-23 08:51:26.338968+02:00,
d9gri2l0k0jc738h978g,ibm_marrakesh,DONE,2026-07-23 08:47:38.258656+02:00,
d9grhbggk0ls73f22pig,ibm_marrakesh,DONE,2026-07-23 08:46:06.577025+02:00,
d9grfdogk0ls73f22lu0,ibm_marrakesh,DONE,2026-07-23 08:42:00.015538+02:00,
d9gregbsbqfc73ep4tlg,ibm_marrakesh,DONE,2026-07-23 08:40:01.789435+02:00,
d9grbjogk0ls73f22fe0,ibm_marrakesh,DONE,2026-07-23 08:33:51.812832+02:00,
d9grbgt0k0jc738h8seg,ibm_marrakesh,DONE,2026-07-23 08:33:39.799490+02:00,
d9grb6chonhs73ac4cpg,ibm_marrakesh,DONE,2026-07-23 08:32:58.243893+02:00,
d9grb2l0k0jc738h8rrg,ibm_marrakesh,DONE,2026-07-23 08:32:42.275777+02:00,
d9gr86ggk0ls73f22a2g,ibm_marrakesh,DONE,2026-07-23 08:26:34.634635+02:00,
d9gr51khonhs73ac42mg,ibm_marrakesh,DONE,2026-07-23 08:19:50.182052+02:00,
d9gqsld0k0jc738h8230,ibm_marrakesh,DONE,2026-07-23 08:01:57.267253+02:00,
d9gqidd0k0jc738h7iog,ibm_marrakesh,DONE,2026-07-23 07:40:05.592950+02:00,
d8rd2e201fac73d46epg,ibm_marrakesh,DONE,2026-06-20 19:43:20.356112+02:00,
d8rd0puab0ds73drhkng,ibm_marrakesh,DONE,2026-06-20 19:39:51.269715+02:00,
d8rcqcmgbcrc73f4dgv0,ibm_marrakesh,DONE,2026-06-20 19:26:10.946741+02:00,
d8rcmm6kodhs738493a0,ibm_marrakesh,ERROR,2026-06-20 19:18:16.643618+02:00,
d8rcehmkodhs73848p40,ibm_marrakesh,DONE,2026-06-20 19:00:54.234935+02:00,
d8rcc66kodhs73848mc0,ibm_marrakesh,DONE,2026-06-20 18:55:52.176499+02:00,
d8rak1mab0ds73dreuo0,ibm_marrakesh,DONE,2026-06-20 16:56:07.003065+02:00,
d8raevukodhs73846h20,ibm_marrakesh,DONE,2026-06-20 16:45:19.806738+02:00,
d8radlmgbcrc73f4asm0,ibm_marrakesh,DONE,2026-06-20 16:42:30.655483+02:00,
d8rabmeab0ds73drehgg,ibm_marrakesh,DONE,2026-06-20 16:38:17.607572+02:00,
d8raam201fac73d43830,ibm_marrakesh,DONE,2026-06-20 16:36:08.896271+02:00,
d8ra95i01fac73d43630,ibm_marrakesh,DONE,2026-06-20 16:32:54.253982+02:00,
d8r9ouekodhs73845no0,ibm_marrakesh,DONE,2026-06-20 15:58:17.554685+02:00,
d8r9jl6ab0ds73drdnig,ibm_marrakesh,DONE,2026-06-20 15:47:00.449119+02:00,
d8m14lg32u0s73fajld0,ibm_marrakesh,CANCELLED,2026-06-12 16:06:14.850018+02:00,
d8lgi8g32u0s73f9up50,ibm_marrakesh,CANCELLED,2026-06-11 21:14:42.128660+02:00,
d8levlrqv2lc7386ddqg,ibm_marrakesh,DONE,2026-06-11 19:26:47.738247+02:00,
d8let4bnn5bs738s131g,ibm_marrakesh,DONE,2026-06-11 19:21:21.275711+02:00,
d8ldqtrqv2lc7386c1m0,ibm_marrakesh,DONE,2026-06-11 18:08:23.639973+02:00,
d8ld81r2d42s73cb96fg,ibm_marrakesh,DONE,2026-06-11 17:28:07.349393+02:00,
d8ld5l832u0s73f9qnfg,ibm_marrakesh,DONE,2026-06-11 17:23:02.003027+02:00,
d8lcsab2d42s73cb8mg0,ibm_marrakesh,DONE,2026-06-11 17:03:05.974764+02:00,
d8lcq3032u0s73f9q880,ibm_marrakesh,DONE,2026-06-11 16:58:20.447325+02:00,
d8lcnfr2d42s73cb8gs0,ibm_marrakesh,DONE,2026-06-11 16:52:47.863847+02:00,
d8lcher2d42s73cb88og,ibm_marrakesh,DONE,2026-06-11 16:39:55.119912+02:00,
d8lcgornn5bs738rttv0,ibm_marrakesh,DONE,2026-06-11 16:38:27.784135+02:00,
d8lccqrqv2lc7386a7kg,ibm_marrakesh,DONE,2026-06-11 16:30:03.996707+02:00,
d88o43is46sc73f9nbl0,ibm_marrakesh,DONE,2026-05-23 12:31:42.586554+02:00,
d88nt6as46sc73f9n2qg,ibm_marrakesh,DONE,2026-05-23 12:16:57.145729+02:00,
d88nt4h789is7392dce0,ibm_marrakesh,DONE,2026-05-23 12:16:50.131895+02:00,
d88nt30p0eas73dnmqrg,ibm_marrakesh,DONE,2026-05-23 12:16:44.230124+02:00,
d88nt1as46sc73f9n2jg,ibm_marrakesh,DONE,2026-05-23 12:16:38.020959+02:00,
d88nsvqs46sc73f9n2i0,ibm_marrakesh,DONE,2026-05-23 12:16:31.847262+02:00,
d88nsuh789is7392dc7g,ibm_marrakesh,DONE,2026-05-23 12:16:26.125010+02:00,
d88nssqs46sc73f9n2eg,ibm_marrakesh,DONE,2026-05-23 12:16:19.602587+02:00,
d88nsrdg7okc73enpjug,ibm_marrakesh,DONE,2026-05-23 12:16:13.494711+02:00,
d88nspop0eas73dnmqh0,ibm_marrakesh,DONE,2026-05-23 12:16:07.313887+02:00,
d88nsnlg7okc73enpjqg,ibm_marrakesh,DONE,2026-05-23 12:15:58.775512+02:00,
d88nslp789is7392dbu0,ibm_marrakesh,DONE,2026-05-23 12:15:51.845892+02:00,
d88nskh789is7392dbsg,ibm_marrakesh,DONE,2026-05-23 12:15:46.130138+02:00,
d88nsj5g7okc73enpjm0,ibm_marrakesh,DONE,2026-05-23 12:15:40.264432+02:00,
d88nsh9789is7392dbm0,ibm_marrakesh,DONE,2026-05-23 12:15:33.840108+02:00,
d88nsfop0eas73dnmq5g,ibm_marrakesh,DONE,2026-05-23 12:15:27.685041+02:00,
d88nsedg7okc73enpjfg,ibm_marrakesh,DONE,2026-05-23 12:15:21.644604+02:00,
d88nscqs46sc73f9n1qg,ibm_marrakesh,DONE,2026-05-23 12:15:15.914077+02:00,
d88nsb9789is7392dbfg,ibm_marrakesh,DONE,2026-05-23 12:15:09.700489+02:00,
d88npkqs46sc73f9mt00,ibm_marrakesh,DONE,2026-05-23 12:09:23.527053+02:00,
d88npj9789is7392d72g,ibm_marrakesh,DONE,2026-05-23 12:09:17.420924+02:00,
d88nphtg7okc73enpemg,ibm_marrakesh,DONE,2026-05-23 12:09:11.452114+02:00,
d88npg8p0eas73dnml60,ibm_marrakesh,DONE,2026-05-23 12:09:05.464445+02:00,
d88npeh789is7392d6r0,ibm_marrakesh,DONE,2026-05-23 12:08:58.909894+02:00,
d88npcgp0eas73dnmkvg,ibm_marrakesh,DONE,2026-05-23 12:08:50.934910+02:00,
d88npb2s46sc73f9msjg,ibm_marrakesh,DONE,2026-05-23 12:08:44.917179+02:00,
d88np9gp0eas73dnmkq0,ibm_marrakesh,DONE,2026-05-23 12:08:39.013155+02:00,
d88np81789is7392d6j0,ibm_marrakesh,DONE,2026-05-23 12:08:33.020696+02:00,
d88np6gp0eas73dnmklg,ibm_marrakesh,DONE,2026-05-23 12:08:26.807964+02:00,
d88np49789is7392d6c0,ibm_marrakesh,DONE,2026-05-23 12:08:17.943702+02:00,
d88nn6op0eas73dnmhpg,ibm_marrakesh,DONE,2026-05-23 12:04:11.864569+02:00,
d88nn58p0eas73dnmhng,ibm_marrakesh,DONE,2026-05-23 12:04:05.958209+02:00,
d88nn3qs46sc73f9mpeg,ibm_marrakesh,DONE,2026-05-23 12:03:59.849004+02:00,
d88nn02s46sc73f9mp90,ibm_marrakesh,DONE,2026-05-23 12:03:44.513673+02:00,
d88nmugp0eas73dnmhg0,ibm_marrakesh,DONE,2026-05-23 12:03:38.307869+02:00,
d88nmr9789is7392d2t0,ibm_marrakesh,DONE,2026-05-23 12:03:25.882061+02:00,
d88nmq0p0eas73dnmh70,ibm_marrakesh,DONE,2026-05-23 12:03:20.132799+02:00,
d88nmogp0eas73dnmh4g,ibm_marrakesh,DONE,2026-05-23 12:03:14.537950+02:00,
d88nmn5g7okc73enpan0,ibm_marrakesh,DONE,2026-05-23 12:03:08.723686+02:00,
d88nlagp0eas73dnmemg,ibm_marrakesh,DONE,2026-05-23 12:00:11.034348+02:00,
d88nl8h789is7392d06g,ibm_marrakesh,DONE,2026-05-23 12:00:02.915149+02:00,
d88nl6tg7okc73enp82g,ibm_marrakesh,DONE,2026-05-23 11:59:55.694632+02:00,
d88nl59789is7392d030,ibm_marrakesh,DONE,2026-05-23 11:59:49.199848+02:00,
d88nl3is46sc73f9mmcg,ibm_marrakesh,DONE,2026-05-23 11:59:42.934400+02:00,
d88nl21789is7392cvv0,ibm_marrakesh,DONE,2026-05-23 11:59:36.248995+02:00,
d88nj7p789is7392cto0,ibm_marrakesh,DONE,2026-05-23 11:55:43.320347+02:00,
d88ni59789is7392cscg,ibm_marrakesh,DONE,2026-05-23 11:53:25.338195+02:00,
d88ngo0p0eas73dnm9g0,ibm_marrakesh,DONE,2026-05-23 11:50:24.188318+02:00,
d88neq0p0eas73dnm7g0,ibm_marrakesh,DONE,2026-05-23 11:46:16.894991+02:00,
d88ncgdg7okc73enotvg,ibm_marrakesh,DONE,2026-05-23 11:41:22.026870+02:00,
d88n9lgp0eas73dnm190,ibm_marrakesh,DONE,2026-05-23 11:35:18.294590+02:00,
d881mv8p0eas73dmqo30,ibm_marrakesh,DONE,2026-05-22 11:01:49.543046+02:00,
d881mrgp0eas73dmqnu0,ibm_marrakesh,DONE,2026-05-22 11:01:34.948615+02:00,
d881mnqs46sc73f8r95g,ibm_marrakesh,DONE,2026-05-22 11:01:19.638597+02:00,
d881mjp789is7391hqog,ibm_marrakesh,DONE,2026-05-22 11:01:03.130428+02:00,
d881mg2s46sc73f8r8qg,ibm_marrakesh,DONE,2026-05-22 11:00:48.175269+02:00,
d881j7is46sc73f8r4vg,ibm_fez,DONE,2026-05-22 10:53:50.446485+02:00,
d881gcqs46sc73f8r16g,ibm_marrakesh,DONE,2026-05-22 10:47:47.594403+02:00,
d87un1as46sc73f8nmcg,ibm_marrakesh,DONE,2026-05-22 07:37:09.612684+02:00,
d87ukmdg7okc73emr220,ibm_marrakesh,DONE,2026-05-22 07:32:09.574566+02:00,
d87ujsop0eas73dmmvs0,ibm_marrakesh,DONE,2026-05-22 07:30:27.440254+02:00,
d87ujd2s46sc73f8ni2g,ibm_marrakesh,DONE,2026-05-22 07:29:24.506741+02:00,
d87ug2p789is7391dvhg,ibm_marrakesh,DONE,2026-05-22 07:22:19.555994+02:00,
d87ufugp0eas73dmmqog,ibm_marrakesh,DONE,2026-05-22 07:22:02.427005+02:00,
d87ufptg7okc73emqrug,ibm_marrakesh,DONE,2026-05-22 07:21:43.373317+02:00,
d87ufkop0eas73dmmqd0,ibm_marrakesh,DONE,2026-05-22 07:21:24.006353+02:00,
d87ufggp0eas73dmmq6g,ibm_marrakesh,DONE,2026-05-22 07:21:06.673638+02:00,
d87ufcas46sc73f8nd10,ibm_marrakesh,DONE,2026-05-22 07:20:49.629204+02:00,
d87uf7is46sc73f8ncp0,ibm_marrakesh,DONE,2026-05-22 07:20:30.794084+02:00,
d87uf39789is7391du8g,ibm_marrakesh,DONE,2026-05-22 07:20:13.337659+02:00,
d87uev0p0eas73dmmpbg,ibm_marrakesh,DONE,2026-05-22 07:19:56.595304+02:00,
d87ueqtg7okc73emqqqg,ibm_marrakesh,DONE,2026-05-22 07:19:39.663679+02:00,
d87uegdg7okc73emqqdg,ibm_marrakesh,DONE,2026-05-22 07:18:58.044604+02:00,
d87ubvgp0eas73dmmlv0,ibm_marrakesh,DONE,2026-05-22 07:13:34.267652+02:00,
d87ubqop0eas73dmmlqg,ibm_marrakesh,DONE,2026-05-22 07:13:16.004162+02:00,
d87ubm8p0eas73dmmljg,ibm_marrakesh,DONE,2026-05-22 07:12:57.439422+02:00,
d87ubhp789is7391dqgg,ibm_marrakesh,DONE,2026-05-22 07:12:39.382755+02:00,
d87ubd2s46sc73f8n8qg,ibm_marrakesh,DONE,2026-05-22 07:12:20.168248+02:00,
d87uaolg7okc73emqm50,ibm_marrakesh,DONE,2026-05-22 07:10:58.344099+02:00,
d87u81as46sc73f8n4kg,ibm_marrakesh,DONE,2026-05-22 07:05:09.133477+02:00,
d87u7j9789is7391dltg,ibm_marrakesh,DONE,2026-05-22 07:04:13.384637+02:00,
d87u5jis46sc73f8n1bg,ibm_marrakesh,DONE,2026-05-22 06:59:58.178516+02:00,
d87u4plg7okc73emqesg,ibm_marrakesh,DONE,2026-05-22 06:58:14.794922+02:00,
d87u30h789is7391dg1g,ibm_marrakesh,DONE,2026-05-22 06:54:26.111632+02:00,
d87u2f0p0eas73dmmacg,ibm_fez,DONE,2026-05-22 06:53:16.710263+02:00,
d87tvfis46sc73f8mppg,ibm_fez,DONE,2026-05-22 06:46:54.348149+02:00,
d87tu6as46sc73f8mo8g,ibm_fez,DONE,2026-05-22 06:44:09.518320+02:00,
d87tst5g7okc73emq5r0,ibm_fez,DONE,2026-05-22 06:41:24.379473+02:00,
d87ts5op0eas73dmm2v0,ibm_fez,DONE,2026-05-22 06:39:51.321913+02:00,
d87tra8p0eas73dmm21g,ibm_fez,DONE,2026-05-22 06:38:01.168344+02:00,
d87tqrqs46sc73f8mki0,ibm_fez,DONE,2026-05-22 06:37:03.462453+02:00,
d87tonqs46sc73f8midg,ibm_fez,DONE,2026-05-22 06:32:32.181347+02:00,
d87tnhas46sc73f8mgt0,ibm_fez,DONE,2026-05-22 06:29:57.973617+02:00,
d87tlf9789is7391d0u0,ibm_fez,DONE,2026-05-22 06:25:33.571126+02:00,
d87tkg2s46sc73f8mdlg,ibm_fez,DONE,2026-05-22 06:23:28.060587+02:00,
d87tijh789is7391ctl0,ibm_fez,DONE,2026-05-22 06:19:26.669604+02:00,
d87tgslg7okc73emppcg,ibm_fez,DONE,2026-05-22 06:15:46.919644+02:00,
d7uaudjack5s73bdvot0,ibm_fez,DONE,2026-05-07 17:26:46.706856+02:00,
d7u7dtlpa59c73b4anc0,ibm_marrakesh,DONE,2026-05-07 13:26:46.170411+02:00,
d7u7do5pa59c73b4an60,ibm_fez,DONE,2026-05-07 13:26:24.289565+02:00,
d7u75i3ack5s73bdr340,ibm_fez,DONE,2026-05-07 13:08:56.612439+02:00,
d7u5aiback5s73bdoukg,ibm_fez,DONE,2026-05-07 11:03:05.369196+02:00,
d7u59j4inasc738se1j0,ibm_fez,DONE,2026-05-07 11:01:00.974652+02:00,
d7u58cfmrars73d6hgp0,ibm_marrakesh,DONE,2026-05-07 10:58:25.444808+02:00,
d7u587kinasc738sdvq0,ibm_fez,DONE,2026-05-07 10:58:06.696392+02:00,
d7u55knmrars73d6hdhg,ibm_marrakesh,DONE,2026-05-07 10:52:34.240575+02:00,
d7u55f5pa59c73b482e0,ibm_fez,DONE,2026-05-07 10:52:12.136463+02:00,
d7u52m7mrars73d6h9tg,ibm_marrakesh,DONE,2026-05-07 10:46:17.136521+02:00,
d7u50u7mrars73d6h7vg,ibm_fez,DONE,2026-05-07 10:42:32.611063+02:00,
d7u4tprack5s73bdoft0,ibm_fez,DONE,2026-05-07 10:35:52.099782+02:00,
d7u4o0kinasc738sdcl0,ibm_marrakesh,DONE,2026-05-07 10:23:30.461011+02:00,
d7u4nmdpa59c73b47ih0,ibm_fez,DONE,2026-05-07 10:22:49.580611+02:00,
d7iitsvb91ec73avt8jg,ibm_fez,DONE,2026-04-19 21:37:23.938089+02:00,
d7icuerjne2c739547jg,ibm_fez,DONE,2026-04-19 14:48:59.817043+02:00,
d7hoblbjne2c7394ee40,ibm_fez,DONE,2026-04-18 15:23:33.917075+02:00,
d7hobb493s0c738t5b40,ibm_marrakesh,DONE,2026-04-18 15:22:52.493228+02:00,
d7hnr0493s0c738t4nl0,ibm_fez,DONE,2026-04-18 14:48:00.400404+02:00,
d7hnevk93s0c738t47s0,ibm_fez,DONE,2026-04-18 14:22:22.317462+02:00,
d7hnagrjne2c7394d64g,ibm_fez,DONE,2026-04-18 14:12:51.284585+02:00,
d7hn83jjne2c7394d2l0,ibm_fez,DONE,2026-04-18 14:07:42.705773+02:00,
d7hn1trjne2c7394cqtg,ibm_fez,DONE,2026-04-18 13:54:31.379245+02:00,
d7hmpp22khts739q0770,ibm_fez,DONE,2026-04-18 13:37:08.407920+02:00,
d7hm8aq2khts739pvhug,ibm_marrakesh,DONE,2026-04-18 12:59:55.621408+02:00,
d7hm7hrjne2c7394bq7g,ibm_fez,DONE,2026-04-18 12:58:15.265733+02:00,
d7hm0frjne2c7394bi8g,ibm_fez,DONE,2026-04-18 12:43:11.464110+02:00,
d7hlr9i2khts739pv20g,ibm_marrakesh,DONE,2026-04-18 12:32:06.193221+02:00,
d7hlpai2khts739puvkg,ibm_fez,DONE,2026-04-18 12:27:54.487871+02:00,
d7hlck7b91ec73auu43g,ibm_fez,DONE,2026-04-18 12:00:48.874046+02:00,
d7hlaqnb91ec73auu27g,ibm_marrakesh,DONE,2026-04-18 11:56:58.999952+02:00,
d7gjjf3jne2c7392vfgg,ibm_fez,DONE,2026-04-16 21:34:20.780296+02:00,
d7gjai7b91ec73atir4g,ibm_fez,DONE,2026-04-16 21:15:20.267983+02:00,
d7gj3h3jne2c7392ussg,ibm_fez,DONE,2026-04-16 21:00:20.914184+02:00,
d7gj1ji2khts739oimm0,ibm_fez,DONE,2026-04-16 20:56:14.388959+02:00,
d7ghqlrjne2c7392thag,ibm_fez,DONE,2026-04-16 19:33:11.252727+02:00,
d7e98trklj2c73f2ghug,ibm_fez,DONE,2026-04-13 09:00:07.172827+02:00,
d7e8tpbklj2c73f2g69g,ibm_fez,DONE,2026-04-13 08:36:21.609250+02:00,
d7e86ab0g7hs73dsnbkg,ibm_fez,DONE,2026-04-13 07:46:17.184629+02:00,
d7e7kj15a5qc73dqkl20,ibm_fez,DONE,2026-04-13 07:08:28.221355+02:00,
d78o180eecps73d7dhb0,ibm_fez,DONE,2026-04-04 23:20:32.454159+02:00,
d75h4re8faus73f031ag,ibm_fez,DONE,2026-03-31 02:16:45.661377+02:00,
